,roc_auc,pr_auc
logistic_pipeline.joblib,0.7754729153078846,0.4097617471210933
rf_pipeline.joblib,0.7790997534365594,0.4204418678026033
